year,month,clt,scenario
2015,1,19.56928,future
2015,2,51.559376,future
2015,3,46.588493,future
2015,4,43.841084,future
2015,5,46.46577,future
2015,6,38.4931,future
2015,7,29.333038,future
2015,8,12.781402,future
2015,9,9.75098,future
2015,10,15.562207,future
2015,11,28.876019,future
2015,12,41.833687,future
2016,1,39.774467,future
2016,2,43.634422,future
2016,3,45.111355,future
2016,4,48.79119,future
2016,5,39.731285,future
2016,6,37.224457,future
2016,7,47.08596,future
2016,8,35.391293,future
2016,9,36.642426,future
2016,10,27.234903,future
2016,11,62.48623,future
2016,12,45.081623,future
2017,1,45.74056,future
2017,2,56.378674,future
2017,3,51.553265,future
2017,4,49.605846,future
2017,5,43.940056,future
2017,6,51.798317,future
2017,7,35.748283,future
2017,8,42.452034,future
2017,9,48.44257,future
2017,10,32.021057,future
2017,11,32.658592,future
2017,12,41.412994,future
2018,1,47.0013,future
2018,2,38.1523,future
2018,3,50.289894,future
2018,4,30.94931,future
2018,5,32.258476,future
2018,6,41.897243,future
2018,7,28.752188,future
2018,8,9.880498,future
2018,9,24.21078,future
2018,10,27.469885,future
2018,11,36.53215,future
2018,12,51.039276,future
2019,1,38.816185,future
2019,2,37.628582,future
2019,3,45.349648,future
2019,4,51.520996,future
2019,5,57.545887,future
2019,6,42.242516,future
2019,7,34.87948,future
2019,8,21.906483,future
2019,9,29.744638,future
2019,10,21.419643,future
2019,11,40.0158,future
2019,12,42.985085,future
2020,1,45.99246,future
2020,2,74.57353,future
2020,3,45.852135,future
2020,4,50.415653,future
2020,5,49.450417,future
2020,6,41.74929,future
2020,7,25.63621,future
2020,8,37.74997,future
2020,9,25.818695,future
2020,10,25.181595,future
2020,11,29.96532,future
2020,12,33.477173,future
2021,1,35.15385,future
2021,2,47.583458,future
2021,3,42.098408,future
2021,4,53.178192,future
2021,5,53.084816,future
2021,6,44.97901,future
2021,7,30.104458,future
2021,8,40.61405,future
2021,9,27.749744,future
2021,10,24.644709,future
2021,11,41.40094,future
2021,12,52.48462,future
2022,1,58.61036,future
2022,2,38.103645,future
2022,3,47.425865,future
2022,4,67.33397,future
2022,5,38.38468,future
2022,6,44.57007,future
2022,7,35.12728,future
2022,8,40.196465,future
2022,9,27.14364,future
2022,10,17.238886,future
2022,11,31.089514,future
2022,12,53.657673,future
2023,1,47.23027,future
2023,2,55.57731,future
2023,3,44.63523,future
2023,4,43.855244,future
2023,5,41.111736,future
2023,6,34.05477,future
2023,7,33.966377,future
2023,8,18.891376,future
2023,9,19.171415,future
2023,10,15.867221,future
2023,11,39.26895,future
2023,12,45.861813,future
2024,1,41.489834,future
2024,2,49.70187,future
2024,3,52.003395,future
2024,4,50.489834,future
2024,5,48.22946,future
2024,6,35.34185,future
2024,7,42.548428,future
2024,8,37.41392,future
2024,9,35.84688,future
2024,10,15.657751,future
2024,11,37.287823,future
2024,12,30.4534,future
2025,1,45.198994,future
2025,2,55.968895,future
2025,3,52.585045,future
2025,4,53.059742,future
2025,5,57.14738,future
2025,6,46.01039,future
2025,7,29.40398,future
2025,8,23.649693,future
2025,9,17.439209,future
2025,10,42.417854,future
2025,11,36.543064,future
2025,12,42.100605,future
2026,1,34.033455,future
2026,2,48.919044,future
2026,3,54.415955,future
2026,4,35.725258,future
2026,5,42.440063,future
2026,6,38.9676,future
2026,7,30.750132,future
2026,8,30.21223,future
2026,9,26.67389,future
2026,10,19.318796,future
2026,11,47.106316,future
2026,12,26.514141,future
2027,1,39.114006,future
2027,2,52.632378,future
2027,3,51.23921,future
2027,4,46.1847,future
2027,5,46.216637,future
2027,6,43.36291,future
2027,7,38.802235,future
2027,8,41.80927,future
2027,9,25.969318,future
2027,10,18.349552,future
2027,11,16.764553,future
2027,12,26.818104,future
2028,1,28.547222,future
2028,2,61.26095,future
2028,3,58.97741,future
2028,4,48.988316,future
2028,5,29.868155,future
2028,6,42.281982,future
2028,7,37.66929,future
2028,8,30.1041,future
2028,9,29.54538,future
2028,10,28.313562,future
2028,11,48.25518,future
2028,12,42.385002,future
2029,1,39.669823,future
2029,2,59.309105,future
2029,3,52.867382,future
2029,4,36.89681,future
2029,5,48.20646,future
2029,6,42.268394,future
2029,7,18.159494,future
2029,8,30.33578,future
2029,9,28.89062,future
2029,10,26.381678,future
2029,11,41.450954,future
2029,12,48.07125,future
2030,1,64.78639,future
2030,2,41.57102,future
2030,3,30.321356,future
2030,4,29.401134,future
2030,5,30.08176,future
2030,6,49.92196,future
2030,7,23.623981,future
2030,8,21.046581,future
2030,9,18.811834,future
2030,10,19.189291,future
2030,11,42.95591,future
2030,12,45.38588,future
2031,1,62.574974,future
2031,2,66.23138,future
2031,3,46.930855,future
2031,4,43.98672,future
2031,5,42.529705,future
2031,6,34.1982,future
2031,7,33.231213,future
2031,8,24.959066,future
2031,9,27.510845,future
2031,10,20.290638,future
2031,11,50.00987,future
2031,12,31.265705,future
2032,1,52.12261,future
2032,2,66.76778,future
2032,3,48.448467,future
2032,4,37.124382,future
2032,5,35.776344,future
2032,6,36.834827,future
2032,7,32.26776,future
2032,8,25.796986,future
2032,9,43.99933,future
2032,10,26.426434,future
2032,11,22.743328,future
2032,12,43.57953,future
2033,1,36.47187,future
2033,2,58.89734,future
2033,3,68.2607,future
2033,4,50.170357,future
2033,5,54.466087,future
2033,6,50.40719,future
2033,7,36.68391,future
2033,8,34.73531,future
2033,9,50.917034,future
2033,10,30.823639,future
2033,11,32.803276,future
2033,12,24.118713,future
2034,1,42.747173,future
2034,2,64.93219,future
2034,3,48.556953,future
2034,4,36.786034,future
2034,5,47.19133,future
2034,6,31.81106,future
2034,7,17.510977,future
2034,8,18.25642,future
2034,9,35.90119,future
2034,10,28.20813,future
2034,11,23.49828,future
2034,12,47.656696,future
2035,1,68.06634,future
2035,2,60.452526,future
2035,3,49.21936,future
2035,4,27.41741,future
2035,5,50.381844,future
2035,6,43.093082,future
2035,7,36.07641,future
2035,8,27.47694,future
2035,9,18.930542,future
2035,10,30.119965,future
2035,11,43.400974,future
2035,12,61.101196,future
2036,1,41.654705,future
2036,2,54.624367,future
2036,3,53.93438,future
2036,4,42.22439,future
2036,5,39.825886,future
2036,6,50.502155,future
2036,7,37.470528,future
2036,8,39.077778,future
2036,9,28.75622,future
2036,10,44.13531,future
2036,11,45.656372,future
2036,12,48.143677,future
2037,1,48.588886,future
2037,2,68.40373,future
2037,3,41.006588,future
2037,4,50.862392,future
2037,5,53.55653,future
2037,6,50.94799,future
2037,7,30.33609,future
2037,8,30.725983,future
2037,9,36.290123,future
2037,10,28.315546,future
2037,11,36.19347,future
2037,12,38.39234,future
2038,1,45.51579,future
2038,2,41.977303,future
2038,3,54.432068,future
2038,4,41.01367,future
2038,5,36.85325,future
2038,6,34.304028,future
2038,7,35.128677,future
2038,8,18.596863,future
2038,9,15.541964,future
2038,10,15.501398,future
2038,11,20.095064,future
2038,12,63.806618,future
2039,1,25.855362,future
2039,2,37.181538,future
2039,3,37.84926,future
2039,4,48.987495,future
2039,5,36.77517,future
2039,6,47.978703,future
2039,7,29.344929,future
2039,8,20.649479,future
2039,9,20.861729,future
2039,10,15.374522,future
2039,11,37.218792,future
2039,12,33.009605,future
2040,1,55.053173,future
2040,2,69.41145,future
2040,3,51.37146,future
2040,4,37.40617,future
2040,5,40.474876,future
2040,6,50.973595,future
2040,7,35.911354,future
2040,8,35.434883,future
2040,9,34.622337,future
2040,10,30.568989,future
2040,11,23.124088,future
2040,12,49.238415,future
2041,1,42.467674,future
2041,2,66.93881,future
2041,3,42.491974,future
2041,4,47.717495,future
2041,5,51.74105,future
2041,6,57.95867,future
2041,7,28.296133,future
2041,8,52.22931,future
2041,9,42.329834,future
2041,10,36.212883,future
2041,11,43.502674,future
2041,12,57.161186,future
2042,1,42.05736,future
2042,2,50.99713,future
2042,3,60.987537,future
2042,4,57.469322,future
2042,5,43.31289,future
2042,6,45.344654,future
2042,7,31.979223,future
2042,8,27.100906,future
2042,9,24.224327,future
2042,10,21.310104,future
2042,11,32.492226,future
2042,12,45.20722,future
2043,1,44.206192,future
2043,2,62.02301,future
2043,3,44.61382,future
2043,4,52.735462,future
2043,5,54.061096,future
2043,6,42.315266,future
2043,7,31.211908,future
2043,8,25.919033,future
2043,9,17.138609,future
2043,10,39.810722,future
2043,11,29.815496,future
2043,12,42.156124,future
2044,1,44.69364,future
2044,2,37.80016,future
2044,3,53.71046,future
2044,4,39.78179,future
2044,5,45.600365,future
2044,6,44.78489,future
2044,7,47.48435,future
2044,8,33.013634,future
2044,9,31.966282,future
2044,10,27.393875,future
2044,11,27.397654,future
2044,12,27.927582,future
2045,1,54.27059,future
2045,2,64.15432,future
2045,3,64.46626,future
2045,4,52.037926,future
2045,5,52.23342,future
2045,6,52.123924,future
2045,7,36.547325,future
2045,8,29.849646,future
2045,9,20.581593,future
2045,10,34.901012,future
2045,11,53.80061,future
2045,12,46.190544,future
2046,1,53.425667,future
2046,2,38.370705,future
2046,3,49.300385,future
2046,4,62.600166,future
2046,5,56.670704,future
2046,6,39.98095,future
2046,7,43.91458,future
2046,8,26.872013,future
2046,9,24.4212,future
2046,10,33.864635,future
2046,11,46.26672,future
2046,12,57.325306,future
2047,1,62.58019,future
2047,2,58.727974,future
2047,3,48.6363,future
2047,4,55.271202,future
2047,5,48.5478,future
2047,6,40.40397,future
2047,7,49.79402,future
2047,8,39.00371,future
2047,9,22.239584,future
2047,10,34.596825,future
2047,11,40.942783,future
2047,12,43.818127,future
2048,1,50.052467,future
2048,2,57.43107,future
2048,3,53.630096,future
2048,4,41.515686,future
2048,5,58.907978,future
2048,6,46.909813,future
2048,7,32.917877,future
2048,8,25.695065,future
2048,9,27.52388,future
2048,10,13.168261,future
2048,11,40.806988,future
2048,12,36.135548,future
2049,1,36.109684,future
2049,2,33.486366,future
2049,3,35.37956,future
2049,4,42.850014,future
2049,5,39.25185,future
2049,6,46.068962,future
2049,7,31.652386,future
2049,8,20.74812,future
2049,9,26.07334,future
2049,10,19.988394,future
2049,11,28.690262,future
2049,12,36.71766,future
2050,1,45.948444,future
2050,2,32.552032,future
2050,3,48.44696,future
2050,4,43.36927,future
2050,5,43.42817,future
2050,6,48.29496,future
2050,7,28.61142,future
2050,8,30.54903,future
2050,9,26.38029,future
2050,10,31.43487,future
2050,11,37.177227,future
2050,12,49.136433,future
2051,1,44.62163,future
2051,2,60.921955,future
2051,3,44.223824,future
2051,4,41.085785,future
2051,5,50.494522,future
2051,6,45.157196,future
2051,7,29.64005,future
2051,8,27.472157,future
2051,9,33.917908,future
2051,10,31.680262,future
2051,11,21.145947,future
2051,12,42.437904,future
2052,1,58.015625,future
2052,2,41.589996,future
2052,3,46.936607,future
2052,4,30.132504,future
2052,5,30.890162,future
2052,6,40.393097,future
2052,7,34.024277,future
2052,8,42.74928,future
2052,9,21.52268,future
2052,10,21.284231,future
2052,11,28.874187,future
2052,12,57.398216,future
2053,1,52.497845,future
2053,2,40.65719,future
2053,3,47.19854,future
2053,4,47.988422,future
2053,5,50.678814,future
2053,6,43.56418,future
2053,7,33.102985,future
2053,8,39.71315,future
2053,9,38.52695,future
2053,10,30.65234,future
2053,11,37.064423,future
2053,12,60.28581,future
2054,1,54.914806,future
2054,2,67.90517,future
2054,3,33.58745,future
2054,4,51.02594,future
2054,5,47.520874,future
2054,6,43.851944,future
2054,7,21.8814,future
2054,8,32.777336,future
2054,9,12.052908,future
2054,10,13.895227,future
2054,11,38.18409,future
2054,12,59.50904,future
2055,1,56.435936,future
2055,2,70.522156,future
2055,3,54.53414,future
2055,4,45.396038,future
2055,5,39.079304,future
2055,6,18.472788,future
2055,7,30.614643,future
2055,8,29.156073,future
2055,9,22.21395,future
2055,10,15.148817,future
2055,11,36.587982,future
2055,12,40.038826,future
2056,1,40.68397,future
2056,2,48.751934,future
2056,3,42.51001,future
2056,4,52.32251,future
2056,5,50.888687,future
2056,6,47.329155,future
2056,7,37.30191,future
2056,8,36.353302,future
2056,9,42.002296,future
2056,10,20.418966,future
2056,11,35.30017,future
2056,12,35.269405,future
2057,1,46.478313,future
2057,2,52.85088,future
2057,3,50.92965,future
2057,4,37.91615,future
2057,5,43.41981,future
2057,6,46.74265,future
2057,7,33.47169,future
2057,8,37.44216,future
2057,9,37.21851,future
2057,10,32.933865,future
2057,11,19.004597,future
2057,12,40.039375,future
2058,1,59.013634,future
2058,2,39.59544,future
2058,3,35.134907,future
2058,4,37.97544,future
2058,5,41.64635,future
2058,6,38.892372,future
2058,7,32.47187,future
2058,8,36.55169,future
2058,9,23.052801,future
2058,10,25.386728,future
2058,11,39.146233,future
2058,12,34.43827,future
2059,1,19.45572,future
2059,2,62.275246,future
2059,3,56.531933,future
2059,4,50.053394,future
2059,5,49.516838,future
2059,6,47.737885,future
2059,7,34.898003,future
2059,8,48.515297,future
2059,9,25.455559,future
2059,10,26.270985,future
2059,11,49.77936,future
2059,12,31.271683,future
2060,1,55.623634,future
2060,2,59.15497,future
2060,3,48.04711,future
2060,4,52.002907,future
2060,5,52.508595,future
2060,6,23.782217,future
2060,7,41.849274,future
2060,8,41.38396,future
2060,9,46.57133,future
2060,10,29.617285,future
2060,11,33.5396,future
2060,12,36.372753,future
2061,1,40.63743,future
2061,2,48.109688,future
2061,3,50.62806,future
2061,4,47.29319,future
2061,5,43.116016,future
2061,6,38.944508,future
2061,7,40.221268,future
2061,8,48.99788,future
2061,9,35.30926,future
2061,10,29.548695,future
2061,11,32.44596,future
2061,12,25.776966,future
2062,1,53.002735,future
2062,2,35.52427,future
2062,3,49.116127,future
2062,4,46.38305,future
2062,5,44.454384,future
2062,6,36.70241,future
2062,7,20.978691,future
2062,8,22.596237,future
2062,9,34.93102,future
2062,10,20.451466,future
2062,11,31.73927,future
2062,12,21.235332,future
2063,1,40.447533,future
2063,2,34.024887,future
2063,3,47.61204,future
2063,4,41.672325,future
2063,5,39.322075,future
2063,6,36.241863,future
2063,7,39.006554,future
2063,8,43.996483,future
2063,9,52.027832,future
2063,10,23.57808,future
2063,11,33.964245,future
2063,12,33.64096,future
2064,1,40.909985,future
2064,2,44.505066,future
2064,3,51.343067,future
2064,4,43.445812,future
2064,5,54.06056,future
2064,6,62.774757,future
2064,7,41.490154,future
2064,8,49.82425,future
2064,9,48.75672,future
2064,10,32.44738,future
2064,11,37.541588,future
2064,12,32.966545,future
2065,1,36.339504,future
2065,2,54.511772,future
2065,3,34.275017,future
2065,4,45.44909,future
2065,5,44.987236,future
2065,6,53.37368,future
2065,7,39.137646,future
2065,8,36.711597,future
2065,9,26.250011,future
2065,10,30.56657,future
2065,11,17.832653,future
2065,12,47.870308,future
2066,1,58.350567,future
2066,2,51.189156,future
2066,3,50.550484,future
2066,4,51.409924,future
2066,5,45.610054,future
2066,6,49.0667,future
2066,7,50.84095,future
2066,8,19.663553,future
2066,9,21.750261,future
2066,10,23.037113,future
2066,11,19.740295,future
2066,12,40.474262,future
2067,1,36.40565,future
2067,2,45.41796,future
2067,3,57.57716,future
2067,4,43.296314,future
2067,5,47.36852,future
2067,6,53.284035,future
2067,7,45.75067,future
2067,8,27.540314,future
2067,9,36.042435,future
2067,10,15.896574,future
2067,11,45.607704,future
2067,12,50.20941,future
2068,1,48.006355,future
2068,2,61.620483,future
2068,3,53.502068,future
2068,4,38.498413,future
2068,5,54.448265,future
2068,6,52.683594,future
2068,7,39.708973,future
2068,8,51.842834,future
2068,9,48.95404,future
2068,10,19.858786,future
2068,11,51.153637,future
2068,12,41.945557,future
2069,1,41.651314,future
2069,2,48.867706,future
2069,3,49.815063,future
2069,4,35.19558,future
2069,5,40.976532,future
2069,6,44.978386,future
2069,7,30.071339,future
2069,8,38.30305,future
2069,9,15.025003,future
2069,10,28.60728,future
2069,11,23.245634,future
2069,12,24.123108,future
2070,1,31.743587,future
2070,2,41.56548,future
2070,3,31.057507,future
2070,4,31.11077,future
2070,5,46.206535,future
2070,6,43.80127,future
2070,7,24.768858,future
2070,8,40.29497,future
2070,9,25.670288,future
2070,10,32.005013,future
2070,11,42.76224,future
2070,12,29.889057,future
2071,1,46.604187,future
2071,2,60.376762,future
2071,3,52.02465,future
2071,4,41.992622,future
2071,5,43.36016,future
2071,6,37.6001,future
2071,7,36.078075,future
2071,8,34.204174,future
2071,9,30.424786,future
2071,10,26.509924,future
2071,11,20.281067,future
2071,12,50.81488,future
2072,1,74.447876,future
2072,2,31.960989,future
2072,3,47.312256,future
2072,4,39.863342,future
2072,5,54.881725,future
2072,6,56.777657,future
2072,7,43.05022,future
2072,8,33.761936,future
2072,9,42.24515,future
2072,10,15.576465,future
2072,11,44.247986,future
2072,12,55.009735,future
2073,1,56.443443,future
2073,2,60.758995,future
2073,3,37.006035,future
2073,4,46.942463,future
2073,5,46.818707,future
2073,6,54.346703,future
2073,7,51.989574,future
2073,8,37.47329,future
2073,9,29.5448,future
2073,10,32.082832,future
2073,11,53.514984,future
2073,12,66.0743,future
2074,1,53.800526,future
2074,2,54.977467,future
2074,3,54.798206,future
2074,4,28.016144,future
2074,5,43.522984,future
2074,6,37.4963,future
2074,7,33.37815,future
2074,8,37.96903,future
2074,9,33.743317,future
2074,10,29.24408,future
2074,11,45.879223,future
2074,12,39.102325,future
2075,1,36.469006,future
2075,2,47.39408,future
2075,3,39.22706,future
2075,4,39.649864,future
2075,5,29.890911,future
2075,6,36.791866,future
2075,7,28.814117,future
2075,8,42.536274,future
2075,9,23.315136,future
2075,10,22.994394,future
2075,11,46.647835,future
2075,12,42.45173,future
2076,1,47.58053,future
2076,2,64.74864,future
2076,3,41.70293,future
2076,4,40.548767,future
2076,5,40.00042,future
2076,6,32.890785,future
2076,7,35.537117,future
2076,8,34.362003,future
2076,9,42.01103,future
2076,10,31.332844,future
2076,11,38.621162,future
2076,12,51.537834,future
2077,1,48.945244,future
2077,2,49.91139,future
2077,3,46.65885,future
2077,4,42.80472,future
2077,5,41.993694,future
2077,6,45.25825,future
2077,7,40.89862,future
2077,8,37.03036,future
2077,9,45.991093,future
2077,10,34.776436,future
2077,11,27.648523,future
2077,12,37.38054,future
2078,1,56.213062,future
2078,2,47.68841,future
2078,3,43.017925,future
2078,4,49.740116,future
2078,5,49.605682,future
2078,6,50.850838,future
2078,7,38.442944,future
2078,8,45.928596,future
2078,9,21.953436,future
2078,10,32.199062,future
2078,11,25.379608,future
2078,12,42.025543,future
2079,1,37.84923,future
2079,2,37.35893,future
2079,3,46.851063,future
2079,4,35.41399,future
2079,5,49.0654,future
2079,6,45.361416,future
2079,7,35.181114,future
2079,8,31.569635,future
2079,9,37.367493,future
2079,10,31.18696,future
2079,11,21.812052,future
2079,12,59.286266,future
2080,1,41.187263,future
2080,2,49.164806,future
2080,3,51.62948,future
2080,4,42.960728,future
2080,5,30.227905,future
2080,6,51.678917,future
2080,7,51.368103,future
2080,8,30.736908,future
2080,9,28.651917,future
2080,10,23.580364,future
2080,11,41.22005,future
2080,12,43.245525,future
2081,1,60.099724,future
2081,2,57.894196,future
2081,3,47.689865,future
2081,4,42.19415,future
2081,5,53.915306,future
2081,6,48.154007,future
2081,7,41.172737,future
2081,8,40.93554,future
2081,9,33.477245,future
2081,10,28.866405,future
2081,11,24.596796,future
2081,12,42.305717,future
2082,1,54.25295,future
2082,2,64.26481,future
2082,3,58.721497,future
2082,4,40.622246,future
2082,5,39.35532,future
2082,6,44.21745,future
2082,7,38.82152,future
2082,8,37.104538,future
2082,9,43.41561,future
2082,10,29.251698,future
2082,11,42.966293,future
2082,12,36.746223,future
2083,1,72.10431,future
2083,2,29.789886,future
2083,3,40.322357,future
2083,4,48.02749,future
2083,5,40.927658,future
2083,6,39.31297,future
2083,7,37.28338,future
2083,8,20.05103,future
2083,9,23.909744,future
2083,10,22.269339,future
2083,11,45.718987,future
2083,12,37.405735,future
2084,1,42.67782,future
2084,2,66.01433,future
2084,3,52.642384,future
2084,4,30.706543,future
2084,5,45.841522,future
2084,6,41.652,future
2084,7,46.022247,future
2084,8,33.313972,future
2084,9,38.853313,future
2084,10,25.632446,future
2084,11,44.94748,future
2084,12,42.073147,future
2085,1,62.7711,future
2085,2,68.08534,future
2085,3,61.924732,future
2085,4,40.491932,future
2085,5,31.493229,future
2085,6,49.68026,future
2085,7,44.9438,future
2085,8,46.81448,future
2085,9,37.24994,future
2085,10,28.521967,future
2085,11,39.330566,future
2085,12,36.81466,future
2086,1,54.402588,future
2086,2,62.582123,future
2086,3,53.741096,future
2086,4,49.626537,future
2086,5,46.748745,future
2086,6,44.889626,future
2086,7,39.123665,future
2086,8,23.77495,future
2086,9,42.256664,future
2086,10,27.252594,future
2086,11,39.611305,future
2086,12,51.96232,future
2087,1,49.16793,future
2087,2,62.858948,future
2087,3,39.758984,future
2087,4,25.197302,future
2087,5,35.964924,future
2087,6,48.429787,future
2087,7,50.831707,future
2087,8,46.883392,future
2087,9,23.483307,future
2087,10,28.822464,future
2087,11,50.121056,future
2087,12,31.43628,future
2088,1,55.521984,future
2088,2,58.120655,future
2088,3,34.95644,future
2088,4,53.443855,future
2088,5,46.880127,future
2088,6,38.315777,future
2088,7,44.188347,future
2088,8,45.958874,future
2088,9,34.25801,future
2088,10,21.606052,future
2088,11,30.645147,future
2088,12,33.78598,future
2089,1,36.0308,future
2089,2,46.57215,future
2089,3,48.208557,future
2089,4,46.957275,future
2089,5,48.150234,future
2089,6,48.97921,future
2089,7,38.87851,future
2089,8,44.170525,future
2089,9,43.30593,future
2089,10,34.895054,future
2089,11,16.788702,future
2089,12,48.186066,future
2090,1,58.967102,future
2090,2,62.912575,future
2090,3,52.383568,future
2090,4,48.140575,future
2090,5,35.46626,future
2090,6,37.63337,future
2090,7,46.048714,future
2090,8,47.9387,future
2090,9,39.634727,future
2090,10,29.704107,future
2090,11,26.507202,future
2090,12,49.3948,future
2091,1,40.22632,future
2091,2,56.42268,future
2091,3,50.09333,future
2091,4,44.219994,future
2091,5,32.037235,future
2091,6,28.952648,future
2091,7,29.179605,future
2091,8,31.428381,future
2091,9,22.785463,future
2091,10,31.732098,future
2091,11,19.546219,future
2091,12,45.949955,future
2092,1,30.114239,future
2092,2,60.547863,future
2092,3,51.22457,future
2092,4,53.068604,future
2092,5,41.18395,future
2092,6,38.73449,future
2092,7,39.663307,future
2092,8,39.287422,future
2092,9,35.064064,future
2092,10,33.365593,future
2092,11,22.99857,future
2092,12,48.21579,future
2093,1,36.35375,future
2093,2,60.2665,future
2093,3,35.895485,future
2093,4,37.65309,future
2093,5,42.73934,future
2093,6,33.689995,future
2093,7,34.174763,future
2093,8,44.091656,future
2093,9,49.05765,future
2093,10,14.949435,future
2093,11,25.819956,future
2093,12,49.591095,future
2094,1,53.707253,future
2094,2,43.273903,future
2094,3,31.908459,future
2094,4,40.22395,future
2094,5,40.217857,future
2094,6,34.22502,future
2094,7,38.991383,future
2094,8,35.403725,future
2094,9,42.88044,future
2094,10,29.705627,future
2094,11,44.39289,future
2094,12,46.364212,future
2095,1,55.99187,future
2095,2,64.394104,future
2095,3,31.678242,future
2095,4,30.978565,future
2095,5,42.623577,future
2095,6,37.923443,future
2095,7,28.160206,future
2095,8,35.388306,future
2095,9,26.302029,future
2095,10,30.496887,future
2095,11,41.36627,future
2095,12,58.647205,future
2096,1,50.266975,future
2096,2,41.027733,future
2096,3,55.752647,future
2096,4,48.938847,future
2096,5,49.777683,future
2096,6,36.558388,future
2096,7,52.512085,future
2096,8,45.052284,future
2096,9,63.784035,future
2096,10,32.176754,future
2096,11,30.61803,future
2096,12,48.81246,future
2097,1,44.66987,future
2097,2,55.042244,future
2097,3,46.403862,future
2097,4,50.201405,future
2097,5,48.045673,future
2097,6,32.958485,future
2097,7,41.88047,future
2097,8,37.74227,future
2097,9,41.87848,future
2097,10,35.418797,future
2097,11,25.415432,future
2097,12,33.717842,future
2098,1,49.083427,future
2098,2,60.582245,future
2098,3,57.38789,future
2098,4,45.989532,future
2098,5,52.637444,future
2098,6,51.475624,future
2098,7,46.336723,future
2098,8,44.319332,future
2098,9,48.548023,future
2098,10,10.994158,future
2098,11,19.983082,future
2098,12,35.30788,future
2099,1,41.786583,future
2099,2,52.771553,future
2099,3,43.79767,future
2099,4,40.153885,future
2099,5,44.303802,future
2099,6,38.877125,future
2099,7,30.617405,future
2099,8,40.422997,future
2099,9,47.61225,future
2099,10,33.312695,future
2099,11,34.36264,future
2099,12,30.768255,future
2100,1,41.219913,future
2100,2,44.685966,future
2100,3,41.021538,future
2100,4,44.10385,future
2100,5,49.976677,future
2100,6,35.277386,future
2100,7,40.104687,future
2100,8,40.589043,future
2100,9,20.179804,future
2100,10,30.071772,future
2100,11,32.137367,future
2100,12,36.16562,future
1850,1,48.816116,historical
1850,2,68.4949,historical
1850,3,60.586323,historical
1850,4,46.999084,historical
1850,5,38.587402,historical
1850,6,50.40719,historical
1850,7,23.033026,historical
1850,8,37.610153,historical
1850,9,15.702225,historical
1850,10,14.362353,historical
1850,11,42.51126,historical
1850,12,41.83154,historical
1851,1,53.5141,historical
1851,2,48.920486,historical
1851,3,50.346745,historical
1851,4,39.070324,historical
1851,5,50.343803,historical
1851,6,31.117268,historical
1851,7,27.240082,historical
1851,8,19.493534,historical
1851,9,15.521939,historical
1851,10,30.407532,historical
1851,11,40.58385,historical
1851,12,60.98292,historical
1852,1,35.397034,historical
1852,2,41.420128,historical
1852,3,53.017517,historical
1852,4,52.245564,historical
1852,5,46.442795,historical
1852,6,37.605377,historical
1852,7,24.77478,historical
1852,8,36.85836,historical
1852,9,38.574974,historical
1852,10,31.831715,historical
1852,11,33.495934,historical
1852,12,40.673042,historical
1853,1,63.95989,historical
1853,2,41.24047,historical
1853,3,55.85691,historical
1853,4,49.43313,historical
1853,5,41.947166,historical
1853,6,38.95627,historical
1853,7,33.354332,historical
1853,8,19.668941,historical
1853,9,32.013733,historical
1853,10,31.964783,historical
1853,11,43.195793,historical
1853,12,56.924786,historical
1854,1,40.37188,historical
1854,2,58.948753,historical
1854,3,51.764942,historical
1854,4,49.905388,historical
1854,5,50.928596,historical
1854,6,26.572027,historical
1854,7,35.487045,historical
1854,8,26.642416,historical
1854,9,13.684911,historical
1854,10,25.381964,historical
1854,11,33.45003,historical
1854,12,47.51319,historical
1855,1,40.720413,historical
1855,2,50.964745,historical
1855,3,55.454918,historical
1855,4,38.963768,historical
1855,5,28.697357,historical
1855,6,30.480396,historical
1855,7,32.284107,historical
1855,8,19.113218,historical
1855,9,28.101324,historical
1855,10,36.242546,historical
1855,11,58.703064,historical
1855,12,64.97423,historical
1856,1,60.905415,historical
1856,2,50.692505,historical
1856,3,53.861164,historical
1856,4,58.148804,historical
1856,5,46.85328,historical
1856,6,26.364056,historical
1856,7,28.143276,historical
1856,8,29.813086,historical
1856,9,38.51046,historical
1856,10,20.03027,historical
1856,11,48.467567,historical
1856,12,57.73512,historical
1857,1,57.36332,historical
1857,2,46.131554,historical
1857,3,60.640167,historical
1857,4,36.23481,historical
1857,5,41.147835,historical
1857,6,30.412067,historical
1857,7,13.580114,historical
1857,8,33.92458,historical
1857,9,12.402422,historical
1857,10,23.949091,historical
1857,11,22.538404,historical
1857,12,41.070232,historical
1858,1,42.966206,historical
1858,2,47.680847,historical
1858,3,55.43281,historical
1858,4,34.441483,historical
1858,5,34.622314,historical
1858,6,38.182945,historical
1858,7,24.90276,historical
1858,8,35.47361,historical
1858,9,23.032284,historical
1858,10,24.445133,historical
1858,11,34.79868,historical
1858,12,65.4915,historical
1859,1,24.715872,historical
1859,2,40.028946,historical
1859,3,68.78573,historical
1859,4,54.215965,historical
1859,5,43.2173,historical
1859,6,37.10022,historical
1859,7,37.340397,historical
1859,8,24.586884,historical
1859,9,40.94764,historical
1859,10,41.586834,historical
1859,11,40.563965,historical
1859,12,39.75456,historical
1860,1,44.691216,historical
1860,2,56.776783,historical
1860,3,54.07241,historical
1860,4,59.798206,historical
1860,5,51.45694,historical
1860,6,43.881805,historical
1860,7,20.909372,historical
1860,8,28.300522,historical
1860,9,43.730675,historical
1860,10,30.86233,historical
1860,11,53.348366,historical
1860,12,52.137352,historical
1861,1,57.56365,historical
1861,2,48.557716,historical
1861,3,49.31202,historical
1861,4,45.611183,historical
1861,5,40.234764,historical
1861,6,40.040066,historical
1861,7,21.826887,historical
1861,8,25.420307,historical
1861,9,33.604504,historical
1861,10,24.813152,historical
1861,11,20.972845,historical
1861,12,48.179237,historical
1862,1,54.736286,historical
1862,2,60.0897,historical
1862,3,47.427387,historical
1862,4,46.011284,historical
1862,5,42.58292,historical
1862,6,40.005005,historical
1862,7,27.516941,historical
1862,8,25.17995,historical
1862,9,36.36326,historical
1862,10,17.71825,historical
1862,11,60.915333,historical
1862,12,50.14712,historical
1863,1,39.882362,historical
1863,2,49.79019,historical
1863,3,53.182728,historical
1863,4,52.413673,historical
1863,5,42.83253,historical
1863,6,38.965107,historical
1863,7,28.037134,historical
1863,8,25.998163,historical
1863,9,15.131357,historical
1863,10,39.62905,historical
1863,11,46.442726,historical
1863,12,48.38442,historical
1864,1,35.669388,historical
1864,2,44.489864,historical
1864,3,47.860268,historical
1864,4,62.712303,historical
1864,5,48.204502,historical
1864,6,26.752594,historical
1864,7,30.36259,historical
1864,8,32.96161,historical
1864,9,30.259079,historical
1864,10,38.399353,historical
1864,11,33.898926,historical
1864,12,50.41098,historical
1865,1,51.659485,historical
1865,2,59.759624,historical
1865,3,65.54671,historical
1865,4,54.711548,historical
1865,5,48.841137,historical
1865,6,36.27105,historical
1865,7,37.585747,historical
1865,8,30.24079,historical
1865,9,19.934958,historical
1865,10,17.540358,historical
1865,11,34.762768,historical
1865,12,38.928574,historical
1866,1,36.15633,historical
1866,2,61.12678,historical
1866,3,34.109825,historical
1866,4,53.24284,historical
1866,5,53.34189,historical
1866,6,20.11676,historical
1866,7,30.673473,historical
1866,8,29.75405,historical
1866,9,15.064575,historical
1866,10,20.659943,historical
1866,11,31.068542,historical
1866,12,25.099192,historical
1867,1,57.856495,historical
1867,2,35.96261,historical
1867,3,56.55717,historical
1867,4,36.981865,historical
1867,5,37.14023,historical
1867,6,38.853725,historical
1867,7,36.052197,historical
1867,8,19.288443,historical
1867,9,24.735168,historical
1867,10,20.328716,historical
1867,11,34.429314,historical
1867,12,40.28688,historical
1868,1,58.099754,historical
1868,2,56.536407,historical
1868,3,47.432106,historical
1868,4,58.200977,historical
1868,5,40.171593,historical
1868,6,30.957874,historical
1868,7,25.3204,historical
1868,8,40.13673,historical
1868,9,15.411267,historical
1868,10,20.18787,historical
1868,11,54.389526,historical
1868,12,60.338966,historical
1869,1,49.779716,historical
1869,2,30.497738,historical
1869,3,44.63082,historical
1869,4,37.550343,historical
1869,5,37.388733,historical
1869,6,26.539911,historical
1869,7,26.664423,historical
1869,8,23.172556,historical
1869,9,11.997927,historical
1869,10,22.654123,historical
1869,11,29.044811,historical
1869,12,40.81359,historical
1870,1,47.673275,historical
1870,2,46.92809,historical
1870,3,42.55668,historical
1870,4,52.236122,historical
1870,5,51.751293,historical
1870,6,31.746954,historical
1870,7,39.42636,historical
1870,8,33.949368,historical
1870,9,28.37389,historical
1870,10,32.46467,historical
1870,11,26.718952,historical
1870,12,36.51903,historical
1871,1,49.763172,historical
1871,2,67.81414,historical
1871,3,64.025955,historical
1871,4,51.545685,historical
1871,5,40.715115,historical
1871,6,39.798744,historical
1871,7,35.62165,historical
1871,8,54.349316,historical
1871,9,37.957558,historical
1871,10,19.297428,historical
1871,11,38.707,historical
1871,12,52.565296,historical
1872,1,33.33202,historical
1872,2,68.089035,historical
1872,3,43.263237,historical
1872,4,35.987816,historical
1872,5,47.524586,historical
1872,6,32.26845,historical
1872,7,25.274326,historical
1872,8,27.509283,historical
1872,9,23.970623,historical
1872,10,27.293537,historical
1872,11,32.34884,historical
1872,12,41.224556,historical
1873,1,36.97007,historical
1873,2,49.519867,historical
1873,3,48.65731,historical
1873,4,47.438427,historical
1873,5,43.52327,historical
1873,6,36.20403,historical
1873,7,19.948965,historical
1873,8,36.767017,historical
1873,9,25.274067,historical
1873,10,19.974722,historical
1873,11,25.866846,historical
1873,12,48.13626,historical
1874,1,39.489113,historical
1874,2,45.0362,historical
1874,3,36.5071,historical
1874,4,60.917244,historical
1874,5,54.158607,historical
1874,6,27.929012,historical
1874,7,25.680542,historical
1874,8,22.674784,historical
1874,9,37.619385,historical
1874,10,23.915928,historical
1874,11,25.853205,historical
1874,12,50.279667,historical
1875,1,49.62492,historical
1875,2,55.34115,historical
1875,3,59.46879,historical
1875,4,38.229893,historical
1875,5,54.709747,historical
1875,6,24.11311,historical
1875,7,27.46931,historical
1875,8,26.48888,historical
1875,9,27.632257,historical
1875,10,44.806496,historical
1875,11,33.968353,historical
1875,12,18.2156,historical
1876,1,41.382805,historical
1876,2,33.78163,historical
1876,3,50.28512,historical
1876,4,48.32901,historical
1876,5,36.3954,historical
1876,6,35.08023,historical
1876,7,23.035358,historical
1876,8,24.268673,historical
1876,9,35.514194,historical
1876,10,16.944895,historical
1876,11,28.649775,historical
1876,12,14.021868,historical
1877,1,59.081688,historical
1877,2,35.170902,historical
1877,3,47.60148,historical
1877,4,40.30447,historical
1877,5,38.50706,historical
1877,6,38.79801,historical
1877,7,14.010269,historical
1877,8,22.295254,historical
1877,9,30.292105,historical
1877,10,22.084188,historical
1877,11,45.19175,historical
1877,12,42.20385,historical
1878,1,56.74179,historical
1878,2,45.576954,historical
1878,3,53.49314,historical
1878,4,49.961197,historical
1878,5,44.369987,historical
1878,6,42.248753,historical
1878,7,24.624142,historical
1878,8,23.606232,historical
1878,9,31.652782,historical
1878,10,30.188488,historical
1878,11,36.61173,historical
1878,12,55.230724,historical
1879,1,70.05743,historical
1879,2,45.37675,historical
1879,3,44.72237,historical
1879,4,46.275677,historical
1879,5,34.635876,historical
1879,6,50.177895,historical
1879,7,37.544376,historical
1879,8,18.015366,historical
1879,9,16.979834,historical
1879,10,29.340153,historical
1879,11,55.730896,historical
1879,12,58.662964,historical
1880,1,56.556618,historical
1880,2,49.280525,historical
1880,3,56.58834,historical
1880,4,27.118576,historical
1880,5,38.3834,historical
1880,6,19.826303,historical
1880,7,31.311066,historical
1880,8,28.676233,historical
1880,9,23.276127,historical
1880,10,37.585606,historical
1880,11,44.96392,historical
1880,12,36.87301,historical
1881,1,51.654335,historical
1881,2,53.769115,historical
1881,3,52.150776,historical
1881,4,46.309326,historical
1881,5,58.402172,historical
1881,6,38.377666,historical
1881,7,41.580784,historical
1881,8,31.919796,historical
1881,9,19.662598,historical
1881,10,20.410984,historical
1881,11,41.465546,historical
1881,12,52.346504,historical
1882,1,25.0117,historical
1882,2,54.174877,historical
1882,3,38.296505,historical
1882,4,56.26256,historical
1882,5,43.117596,historical
1882,6,41.928703,historical
1882,7,29.584723,historical
1882,8,28.415152,historical
1882,9,15.10465,historical
1882,10,23.266983,historical
1882,11,26.439407,historical
1882,12,46.990257,historical
1883,1,43.64516,historical
1883,2,64.39429,historical
1883,3,30.166462,historical
1883,4,35.30813,historical
1883,5,39.081184,historical
1883,6,39.775703,historical
1883,7,37.008972,historical
1883,8,21.333204,historical
1883,9,20.401083,historical
1883,10,17.569223,historical
1883,11,25.502745,historical
1883,12,43.907646,historical
1884,1,38.835888,historical
1884,2,52.776855,historical
1884,3,50.80656,historical
1884,4,42.36965,historical
1884,5,42.2423,historical
1884,6,26.342236,historical
1884,7,24.72375,historical
1884,8,21.420635,historical
1884,9,23.304832,historical
1884,10,14.161987,historical
1884,11,42.2237,historical
1884,12,23.559101,historical
1885,1,37.755287,historical
1885,2,49.5743,historical
1885,3,46.203045,historical
1885,4,48.922813,historical
1885,5,51.167442,historical
1885,6,30.206549,historical
1885,7,6.542633,historical
1885,8,16.090908,historical
1885,9,19.17303,historical
1885,10,32.83966,historical
1885,11,41.762463,historical
1885,12,42.174446,historical
1886,1,44.3957,historical
1886,2,56.05979,historical
1886,3,47.07976,historical
1886,4,50.624046,historical
1886,5,31.673115,historical
1886,6,33.480614,historical
1886,7,13.944145,historical
1886,8,18.563671,historical
1886,9,24.548597,historical
1886,10,19.737494,historical
1886,11,38.604218,historical
1886,12,44.398212,historical
1887,1,46.481358,historical
1887,2,46.949207,historical
1887,3,43.244484,historical
1887,4,42.780827,historical
1887,5,41.023346,historical
1887,6,33.87939,historical
1887,7,18.90857,historical
1887,8,31.267126,historical
1887,9,26.971561,historical
1887,10,44.308044,historical
1887,11,39.17174,historical
1887,12,41.44512,historical
1888,1,77.43275,historical
1888,2,43.898663,historical
1888,3,52.013012,historical
1888,4,39.083973,historical
1888,5,40.05763,historical
1888,6,35.41842,historical
1888,7,18.182379,historical
1888,8,34.669037,historical
1888,9,20.769012,historical
1888,10,27.715021,historical
1888,11,40.166626,historical
1888,12,30.527826,historical
1889,1,58.961586,historical
1889,2,42.095314,historical
1889,3,63.255394,historical
1889,4,42.351295,historical
1889,5,40.451782,historical
1889,6,48.57126,historical
1889,7,26.476755,historical
1889,8,29.60735,historical
1889,9,36.036484,historical
1889,10,41.917873,historical
1889,11,48.55459,historical
1889,12,30.153091,historical
1890,1,52.917675,historical
1890,2,36.899742,historical
1890,3,63.266968,historical
1890,4,46.166943,historical
1890,5,42.01002,historical
1890,6,40.296326,historical
1890,7,30.39184,historical
1890,8,21.280499,historical
1890,9,22.539593,historical
1890,10,23.957819,historical
1890,11,44.815525,historical
1890,12,56.46056,historical
1891,1,34.581726,historical
1891,2,44.34765,historical
1891,3,56.676228,historical
1891,4,55.715965,historical
1891,5,34.451252,historical
1891,6,34.642467,historical
1891,7,45.597572,historical
1891,8,29.169666,historical
1891,9,28.702747,historical
1891,10,35.902138,historical
1891,11,22.490353,historical
1891,12,30.086725,historical
1892,1,55.54845,historical
1892,2,55.516968,historical
1892,3,48.64256,historical
1892,4,48.87833,historical
1892,5,56.18565,historical
1892,6,20.52367,historical
1892,7,30.429169,historical
1892,8,29.76528,historical
1892,9,24.002888,historical
1892,10,41.2559,historical
1892,11,43.987022,historical
1892,12,48.011044,historical
1893,1,48.2342,historical
1893,2,46.645164,historical
1893,3,64.64662,historical
1893,4,52.905457,historical
1893,5,47.157223,historical
1893,6,34.372456,historical
1893,7,23.000437,historical
1893,8,24.203766,historical
1893,9,21.87616,historical
1893,10,40.064342,historical
1893,11,36.6462,historical
1893,12,40.39637,historical
1894,1,40.69072,historical
1894,2,39.16336,historical
1894,3,49.684315,historical
1894,4,31.575626,historical
1894,5,33.02153,historical
1894,6,28.542444,historical
1894,7,25.105188,historical
1894,8,41.88044,historical
1894,9,12.963661,historical
1894,10,23.637928,historical
1894,11,35.883038,historical
1894,12,42.67411,historical
1895,1,31.950134,historical
1895,2,70.73171,historical
1895,3,51.905968,historical
1895,4,39.45433,historical
1895,5,38.104153,historical
1895,6,48.640167,historical
1895,7,19.227636,historical
1895,8,32.914482,historical
1895,9,18.801245,historical
1895,10,22.283154,historical
1895,11,22.087448,historical
1895,12,41.196644,historical
1896,1,49.865738,historical
1896,2,76.65437,historical
1896,3,45.17387,historical
1896,4,42.913162,historical
1896,5,36.79597,historical
1896,6,42.393356,historical
1896,7,19.854404,historical
1896,8,16.121674,historical
1896,9,7.8787627,historical
1896,10,33.463367,historical
1896,11,43.663216,historical
1896,12,74.26124,historical
1897,1,42.728355,historical
1897,2,70.80183,historical
1897,3,49.774925,historical
1897,4,50.041187,historical
1897,5,36.41388,historical
1897,6,28.630157,historical
1897,7,22.419302,historical
1897,8,20.615591,historical
1897,9,21.227528,historical
1897,10,43.676003,historical
1897,11,36.178925,historical
1897,12,44.76957,historical
1898,1,52.97002,historical
1898,2,26.121418,historical
1898,3,42.844463,historical
1898,4,49.82687,historical
1898,5,41.514427,historical
1898,6,27.27056,historical
1898,7,30.037334,historical
1898,8,28.070362,historical
1898,9,20.927908,historical
1898,10,28.913092,historical
1898,11,30.275288,historical
1898,12,45.303112,historical
1899,1,43.706867,historical
1899,2,47.954536,historical
1899,3,47.83123,historical
1899,4,54.465614,historical
1899,5,39.75345,historical
1899,6,37.77315,historical
1899,7,34.227676,historical
1899,8,36.049004,historical
1899,9,35.266876,historical
1899,10,35.654438,historical
1899,11,54.215473,historical
1899,12,44.183876,historical
1900,1,47.030357,historical
1900,2,42.530964,historical
1900,3,60.888428,historical
1900,4,35.89756,historical
1900,5,47.91531,historical
1900,6,39.799583,historical
1900,7,30.520197,historical
1900,8,18.085693,historical
1900,9,13.37587,historical
1900,10,30.776413,historical
1900,11,37.591682,historical
1900,12,41.522907,historical
1901,1,25.965435,historical
1901,2,41.62213,historical
1901,3,45.550194,historical
1901,4,39.950855,historical
1901,5,32.353333,historical
1901,6,33.368397,historical
1901,7,34.76302,historical
1901,8,30.157068,historical
1901,9,25.95264,historical
1901,10,27.747784,historical
1901,11,40.231575,historical
1901,12,57.6802,historical
1902,1,43.505665,historical
1902,2,35.2372,historical
1902,3,59.238636,historical
1902,4,39.78604,historical
1902,5,47.722015,historical
1902,6,34.21362,historical
1902,7,37.11436,historical
1902,8,24.680384,historical
1902,9,31.115223,historical
1902,10,17.503555,historical
1902,11,27.458813,historical
1902,12,26.361807,historical
1903,1,26.455708,historical
1903,2,55.714306,historical
1903,3,61.71116,historical
1903,4,48.06864,historical
1903,5,41.49944,historical
1903,6,44.157024,historical
1903,7,38.0913,historical
1903,8,43.828484,historical
1903,9,30.66724,historical
1903,10,30.472538,historical
1903,11,23.700283,historical
1903,12,43.681843,historical
1904,1,45.900307,historical
1904,2,69.14852,historical
1904,3,56.64868,historical
1904,4,37.207626,historical
1904,5,51.288826,historical
1904,6,32.417645,historical
1904,7,41.166267,historical
1904,8,23.703861,historical
1904,9,32.232807,historical
1904,10,36.19588,historical
1904,11,27.44773,historical
1904,12,49.605244,historical
1905,1,55.64394,historical
1905,2,62.70047,historical
1905,3,35.887016,historical
1905,4,40.794544,historical
1905,5,29.55296,historical
1905,6,31.599659,historical
1905,7,11.816169,historical
1905,8,26.979166,historical
1905,9,23.574406,historical
1905,10,28.665577,historical
1905,11,26.000244,historical
1905,12,37.226807,historical
1906,1,39.506092,historical
1906,2,44.41632,historical
1906,3,56.831963,historical
1906,4,49.012207,historical
1906,5,44.88838,historical
1906,6,30.564014,historical
1906,7,15.066007,historical
1906,8,39.18235,historical
1906,9,24.063614,historical
1906,10,25.108255,historical
1906,11,30.32138,historical
1906,12,54.794415,historical
1907,1,51.396748,historical
1907,2,34.398445,historical
1907,3,53.2658,historical
1907,4,42.31362,historical
1907,5,41.058617,historical
1907,6,30.876226,historical
1907,7,16.998997,historical
1907,8,35.272583,historical
1907,9,41.13152,historical
1907,10,37.388855,historical
1907,11,28.643799,historical
1907,12,61.96621,historical
1908,1,52.70698,historical
1908,2,57.461803,historical
1908,3,68.61885,historical
1908,4,60.405006,historical
1908,5,43.905785,historical
1908,6,36.650307,historical
1908,7,32.335148,historical
1908,8,34.212704,historical
1908,9,16.407114,historical
1908,10,26.493359,historical
1908,11,25.39116,historical
1908,12,46.15616,historical
1909,1,19.035366,historical
1909,2,50.165844,historical
1909,3,49.05666,historical
1909,4,29.532385,historical
1909,5,48.90685,historical
1909,6,43.890102,historical
1909,7,14.3415985,historical
1909,8,31.925055,historical
1909,9,29.01115,historical
1909,10,31.564142,historical
1909,11,31.21307,historical
1909,12,63.978355,historical
1910,1,56.512047,historical
1910,2,42.620213,historical
1910,3,59.163918,historical
1910,4,31.753132,historical
1910,5,40.611107,historical
1910,6,27.376379,historical
1910,7,33.7642,historical
1910,8,38.109295,historical
1910,9,30.508692,historical
1910,10,25.917358,historical
1910,11,11.758336,historical
1910,12,29.959003,historical
1911,1,40.267174,historical
1911,2,32.004322,historical
1911,3,40.882763,historical
1911,4,46.665703,historical
1911,5,43.511635,historical
1911,6,39.48574,historical
1911,7,39.035942,historical
1911,8,24.586058,historical
1911,9,12.652661,historical
1911,10,36.209686,historical
1911,11,40.89034,historical
1911,12,46.762867,historical
1912,1,40.481007,historical
1912,2,32.54284,historical
1912,3,53.613575,historical
1912,4,47.646034,historical
1912,5,47.457436,historical
1912,6,37.608723,historical
1912,7,27.500168,historical
1912,8,24.667707,historical
1912,9,16.727772,historical
1912,10,18.842213,historical
1912,11,47.58213,historical
1912,12,62.795616,historical
1913,1,37.412407,historical
1913,2,40.319424,historical
1913,3,53.296886,historical
1913,4,51.423393,historical
1913,5,45.816593,historical
1913,6,27.749063,historical
1913,7,20.415636,historical
1913,8,28.938227,historical
1913,9,29.370031,historical
1913,10,18.858747,historical
1913,11,34.365765,historical
1913,12,33.070118,historical
1914,1,62.24392,historical
1914,2,50.074593,historical
1914,3,40.852776,historical
1914,4,59.739258,historical
1914,5,46.669716,historical
1914,6,27.53648,historical
1914,7,28.446148,historical
1914,8,25.753698,historical
1914,9,21.751469,historical
1914,10,34.942196,historical
1914,11,49.60412,historical
1914,12,47.53866,historical
1915,1,59.85296,historical
1915,2,56.76066,historical
1915,3,47.150665,historical
1915,4,43.814384,historical
1915,5,39.239704,historical
1915,6,43.3957,historical
1915,7,42.377167,historical
1915,8,32.08407,historical
1915,9,31.747448,historical
1915,10,31.506414,historical
1915,11,36.8572,historical
1915,12,45.09371,historical
1916,1,68.71787,historical
1916,2,59.808624,historical
1916,3,61.67024,historical
1916,4,47.241512,historical
1916,5,45.248478,historical
1916,6,38.56147,historical
1916,7,23.29256,historical
1916,8,30.722523,historical
1916,9,30.80225,historical
1916,10,37.006294,historical
1916,11,46.541046,historical
1916,12,58.61836,historical
1917,1,48.605354,historical
1917,2,47.827118,historical
1917,3,57.677418,historical
1917,4,57.287544,historical
1917,5,45.7639,historical
1917,6,32.56775,historical
1917,7,19.218637,historical
1917,8,15.995997,historical
1917,9,30.232853,historical
1917,10,31.634228,historical
1917,11,48.449474,historical
1917,12,50.907665,historical
1918,1,41.66056,historical
1918,2,31.673634,historical
1918,3,53.35961,historical
1918,4,46.651134,historical
1918,5,44.19401,historical
1918,6,28.109533,historical
1918,7,31.537222,historical
1918,8,29.56075,historical
1918,9,19.16574,historical
1918,10,53.45595,historical
1918,11,31.012817,historical
1918,12,51.96472,historical
1919,1,47.407677,historical
1919,2,67.19683,historical
1919,3,51.452126,historical
1919,4,36.906322,historical
1919,5,29.606724,historical
1919,6,40.850426,historical
1919,7,20.64118,historical
1919,8,43.528404,historical
1919,9,32.031574,historical
1919,10,32.60562,historical
1919,11,45.506268,historical
1919,12,62.68688,historical
1920,1,21.069044,historical
1920,2,58.973366,historical
1920,3,47.2641,historical
1920,4,48.53072,historical
1920,5,62.605396,historical
1920,6,33.37329,historical
1920,7,25.51621,historical
1920,8,20.665531,historical
1920,9,10.593079,historical
1920,10,21.34226,historical
1920,11,36.629333,historical
1920,12,51.804363,historical
1921,1,62.34596,historical
1921,2,82.331566,historical
1921,3,46.985638,historical
1921,4,45.25047,historical
1921,5,43.460384,historical
1921,6,24.375643,historical
1921,7,24.620815,historical
1921,8,32.93543,historical
1921,9,21.33723,historical
1921,10,18.71075,historical
1921,11,37.947884,historical
1921,12,38.34447,historical
1922,1,30.871674,historical
1922,2,65.31954,historical
1922,3,64.573326,historical
1922,4,45.802677,historical
1922,5,46.694447,historical
1922,6,47.50621,historical
1922,7,37.496338,historical
1922,8,32.380333,historical
1922,9,33.6267,historical
1922,10,30.073818,historical
1922,11,40.695076,historical
1922,12,62.414528,historical
1923,1,41.96335,historical
1923,2,73.33032,historical
1923,3,59.95746,historical
1923,4,46.072163,historical
1923,5,35.487877,historical
1923,6,32.20684,historical
1923,7,28.745474,historical
1923,8,25.862677,historical
1923,9,20.52859,historical
1923,10,45.214813,historical
1923,11,47.34601,historical
1923,12,45.456367,historical
1924,1,51.60316,historical
1924,2,47.79989,historical
1924,3,42.729084,historical
1924,4,39.993233,historical
1924,5,43.628334,historical
1924,6,46.746655,historical
1924,7,16.805012,historical
1924,8,23.974785,historical
1924,9,14.37204,historical
1924,10,28.195156,historical
1924,11,49.214245,historical
1924,12,68.39232,historical
1925,1,34.77193,historical
1925,2,46.41377,historical
1925,3,36.458977,historical
1925,4,38.27238,historical
1925,5,46.50113,historical
1925,6,43.530804,historical
1925,7,34.406555,historical
1925,8,14.194519,historical
1925,9,11.079035,historical
1925,10,23.758799,historical
1925,11,37.97014,historical
1925,12,63.761158,historical
1926,1,33.09887,historical
1926,2,46.505676,historical
1926,3,48.219337,historical
1926,4,42.38708,historical
1926,5,40.720177,historical
1926,6,36.277866,historical
1926,7,26.885925,historical
1926,8,26.705017,historical
1926,9,34.799873,historical
1926,10,17.065641,historical
1926,11,48.63164,historical
1926,12,47.599632,historical
1927,1,31.113932,historical
1927,2,65.04728,historical
1927,3,62.605854,historical
1927,4,34.284306,historical
1927,5,50.29344,historical
1927,6,30.496374,historical
1927,7,30.251392,historical
1927,8,36.556087,historical
1927,9,20.88888,historical
1927,10,42.445454,historical
1927,11,23.998205,historical
1927,12,28.721079,historical
1928,1,47.987934,historical
1928,2,63.3555,historical
1928,3,42.702534,historical
1928,4,64.06915,historical
1928,5,43.59266,historical
1928,6,43.091286,historical
1928,7,32.51338,historical
1928,8,48.116592,historical
1928,9,20.10752,historical
1928,10,16.120977,historical
1928,11,30.86027,historical
1928,12,71.931175,historical
1929,1,62.359566,historical
1929,2,36.440666,historical
1929,3,64.39592,historical
1929,4,46.302837,historical
1929,5,55.35606,historical
1929,6,34.852318,historical
1929,7,17.65282,historical
1929,8,28.586742,historical
1929,9,9.07416,historical
1929,10,38.582253,historical
1929,11,34.021675,historical
1929,12,45.010242,historical
1930,1,56.35504,historical
1930,2,66.29585,historical
1930,3,50.570705,historical
1930,4,56.022816,historical
1930,5,49.84754,historical
1930,6,40.818268,historical
1930,7,31.888342,historical
1930,8,29.423365,historical
1930,9,30.89071,historical
1930,10,33.809273,historical
1930,11,40.967506,historical
1930,12,38.697887,historical
1931,1,43.46427,historical
1931,2,46.069946,historical
1931,3,68.39607,historical
1931,4,33.2919,historical
1931,5,53.85904,historical
1931,6,45.7882,historical
1931,7,22.28962,historical
1931,8,27.742487,historical
1931,9,24.22434,historical
1931,10,25.16154,historical
1931,11,31.348133,historical
1931,12,32.042812,historical
1932,1,42.952904,historical
1932,2,55.461403,historical
1932,3,66.6989,historical
1932,4,51.81671,historical
1932,5,44.535553,historical
1932,6,31.767212,historical
1932,7,32.411972,historical
1932,8,18.464893,historical
1932,9,30.41244,historical
1932,10,18.351603,historical
1932,11,42.949627,historical
1932,12,41.791206,historical
1933,1,51.615334,historical
1933,2,50.88755,historical
1933,3,47.017685,historical
1933,4,51.042725,historical
1933,5,52.02408,historical
1933,6,32.305004,historical
1933,7,29.556097,historical
1933,8,28.254303,historical
1933,9,12.651615,historical
1933,10,37.239662,historical
1933,11,47.9121,historical
1933,12,43.84968,historical
1934,1,42.23828,historical
1934,2,57.33551,historical
1934,3,45.31573,historical
1934,4,42.46282,historical
1934,5,41.317272,historical
1934,6,34.463608,historical
1934,7,36.311054,historical
1934,8,25.6987,historical
1934,9,36.098454,historical
1934,10,20.475952,historical
1934,11,48.693512,historical
1934,12,59.707314,historical
1935,1,57.251686,historical
1935,2,43.285988,historical
1935,3,38.847206,historical
1935,4,37.193768,historical
1935,5,34.979176,historical
1935,6,37.086544,historical
1935,7,33.67103,historical
1935,8,25.33351,historical
1935,9,38.519104,historical
1935,10,22.510662,historical
1935,11,28.632038,historical
1935,12,51.69295,historical
1936,1,49.15503,historical
1936,2,48.67634,historical
1936,3,55.289062,historical
1936,4,51.886635,historical
1936,5,30.408045,historical
1936,6,41.309162,historical
1936,7,37.81236,historical
1936,8,24.567535,historical
1936,9,27.298023,historical
1936,10,37.672638,historical
1936,11,30.92507,historical
1936,12,23.037071,historical
1937,1,47.511024,historical
1937,2,31.326252,historical
1937,3,51.53596,historical
1937,4,57.001728,historical
1937,5,49.998436,historical
1937,6,30.344889,historical
1937,7,29.18012,historical
1937,8,28.822443,historical
1937,9,29.501286,historical
1937,10,21.283033,historical
1937,11,36.736732,historical
1937,12,31.62407,historical
1938,1,60.52652,historical
1938,2,57.242523,historical
1938,3,56.178185,historical
1938,4,53.775993,historical
1938,5,53.389587,historical
1938,6,38.14548,historical
1938,7,33.285183,historical
1938,8,33.2839,historical
1938,9,22.900291,historical
1938,10,33.198833,historical
1938,11,21.759014,historical
1938,12,57.069008,historical
1939,1,45.234818,historical
1939,2,61.11375,historical
1939,3,48.620018,historical
1939,4,52.414,historical
1939,5,48.094734,historical
1939,6,37.10405,historical
1939,7,28.207378,historical
1939,8,28.343678,historical
1939,9,29.607357,historical
1939,10,36.780964,historical
1939,11,48.498394,historical
1939,12,48.016487,historical
1940,1,62.295094,historical
1940,2,68.75404,historical
1940,3,51.940685,historical
1940,4,42.941902,historical
1940,5,43.401653,historical
1940,6,33.82666,historical
1940,7,26.29215,historical
1940,8,25.991943,historical
1940,9,31.950415,historical
1940,10,22.913473,historical
1940,11,29.9994,historical
1940,12,29.107944,historical
1941,1,41.433502,historical
1941,2,27.962122,historical
1941,3,39.693478,historical
1941,4,29.744305,historical
1941,5,48.349327,historical
1941,6,50.48771,historical
1941,7,31.26218,historical
1941,8,35.90648,historical
1941,9,27.039928,historical
1941,10,28.31701,historical
1941,11,43.492302,historical
1941,12,51.52846,historical
1942,1,50.369335,historical
1942,2,70.263824,historical
1942,3,58.88436,historical
1942,4,51.58272,historical
1942,5,34.533466,historical
1942,6,38.945076,historical
1942,7,31.532715,historical
1942,8,48.07514,historical
1942,9,33.796227,historical
1942,10,42.84057,historical
1942,11,41.338905,historical
1942,12,34.601288,historical
1943,1,54.55963,historical
1943,2,51.906654,historical
1943,3,54.454628,historical
1943,4,44.274136,historical
1943,5,32.911446,historical
1943,6,42.18634,historical
1943,7,33.95953,historical
1943,8,38.999653,historical
1943,9,18.254053,historical
1943,10,37.142353,historical
1943,11,47.96694,historical
1943,12,42.140865,historical
1944,1,57.36724,historical
1944,2,47.597755,historical
1944,3,53.051094,historical
1944,4,48.177696,historical
1944,5,35.452564,historical
1944,6,37.426765,historical
1944,7,30.310535,historical
1944,8,30.282907,historical
1944,9,21.871578,historical
1944,10,30.763393,historical
1944,11,29.487137,historical
1944,12,32.06845,historical
1945,1,42.542053,historical
1945,2,56.074806,historical
1945,3,35.53331,historical
1945,4,31.028238,historical
1945,5,46.45402,historical
1945,6,27.70722,historical
1945,7,19.071857,historical
1945,8,20.562597,historical
1945,9,23.541363,historical
1945,10,20.889286,historical
1945,11,25.102833,historical
1945,12,64.51386,historical
1946,1,38.713173,historical
1946,2,32.455563,historical
1946,3,50.424103,historical
1946,4,53.326622,historical
1946,5,56.59948,historical
1946,6,42.35832,historical
1946,7,34.239456,historical
1946,8,19.539959,historical
1946,9,28.66557,historical
1946,10,27.785242,historical
1946,11,29.08968,historical
1946,12,48.611927,historical
1947,1,45.08131,historical
1947,2,50.579662,historical
1947,3,52.8118,historical
1947,4,48.401054,historical
1947,5,33.39612,historical
1947,6,33.893078,historical
1947,7,30.240307,historical
1947,8,22.011877,historical
1947,9,36.38337,historical
1947,10,24.084858,historical
1947,11,51.85034,historical
1947,12,41.23806,historical
1948,1,60.89466,historical
1948,2,49.52764,historical
1948,3,58.431396,historical
1948,4,48.311012,historical
1948,5,38.096138,historical
1948,6,30.97931,historical
1948,7,30.83346,historical
1948,8,27.480621,historical
1948,9,25.666693,historical
1948,10,30.02007,historical
1948,11,45.677124,historical
1948,12,39.35022,historical
1949,1,22.51298,historical
1949,2,62.314087,historical
1949,3,60.413258,historical
1949,4,28.9422,historical
1949,5,46.6706,historical
1949,6,32.83362,historical
1949,7,23.779095,historical
1949,8,25.979553,historical
1949,9,31.894995,historical
1949,10,42.914284,historical
1949,11,55.155357,historical
1949,12,51.897205,historical
1950,1,42.09969,historical
1950,2,59.374992,historical
1950,3,66.67741,historical
1950,4,54.05117,historical
1950,5,26.426062,historical
1950,6,21.91655,historical
1950,7,32.16097,historical
1950,8,37.78163,historical
1950,9,29.104702,historical
1950,10,30.92857,historical
1950,11,35.219124,historical
1950,12,49.579784,historical
1951,1,50.160316,historical
1951,2,44.704956,historical
1951,3,68.438034,historical
1951,4,44.579517,historical
1951,5,38.704014,historical
1951,6,35.395527,historical
1951,7,21.181532,historical
1951,8,32.427063,historical
1951,9,27.960596,historical
1951,10,24.308167,historical
1951,11,22.986588,historical
1951,12,45.27938,historical
1952,1,46.789864,historical
1952,2,63.25769,historical
1952,3,49.119347,historical
1952,4,35.371696,historical
1952,5,41.01818,historical
1952,6,41.285896,historical
1952,7,29.667816,historical
1952,8,34.7278,historical
1952,9,51.22406,historical
1952,10,24.809116,historical
1952,11,33.47458,historical
1952,12,29.680338,historical
1953,1,48.76756,historical
1953,2,48.774857,historical
1953,3,55.226543,historical
1953,4,30.267675,historical
1953,5,39.01135,historical
1953,6,34.57892,historical
1953,7,34.689915,historical
1953,8,19.503637,historical
1953,9,30.062714,historical
1953,10,37.32055,historical
1953,11,47.09416,historical
1953,12,44.58907,historical
1954,1,42.53247,historical
1954,2,47.118416,historical
1954,3,67.313576,historical
1954,4,49.548595,historical
1954,5,39.207962,historical
1954,6,30.594183,historical
1954,7,21.77362,historical
1954,8,30.148422,historical
1954,9,32.31429,historical
1954,10,34.50884,historical
1954,11,44.42569,historical
1954,12,38.68098,historical
1955,1,37.801167,historical
1955,2,52.503807,historical
1955,3,47.916065,historical
1955,4,33.701683,historical
1955,5,31.254175,historical
1955,6,21.657787,historical
1955,7,28.34669,historical
1955,8,25.49002,historical
1955,9,23.079763,historical
1955,10,19.084152,historical
1955,11,22.481764,historical
1955,12,51.36326,historical
1956,1,57.473156,historical
1956,2,58.681282,historical
1956,3,53.403004,historical
1956,4,49.321846,historical
1956,5,38.01602,historical
1956,6,37.633064,historical
1956,7,19.374384,historical
1956,8,21.45522,historical
1956,9,32.89618,historical
1956,10,38.309586,historical
1956,11,51.13155,historical
1956,12,58.30683,historical
1957,1,71.339195,historical
1957,2,39.481316,historical
1957,3,42.308636,historical
1957,4,49.27477,historical
1957,5,46.733906,historical
1957,6,30.885763,historical
1957,7,47.044678,historical
1957,8,30.550655,historical
1957,9,25.406635,historical
1957,10,15.109871,historical
1957,11,35.14872,historical
1957,12,34.216705,historical
1958,1,68.94365,historical
1958,2,46.46743,historical
1958,3,67.89336,historical
1958,4,37.986717,historical
1958,5,39.59269,historical
1958,6,26.636225,historical
1958,7,32.70022,historical
1958,8,46.874523,historical
1958,9,20.435925,historical
1958,10,39.58823,historical
1958,11,31.777197,historical
1958,12,56.56304,historical
1959,1,72.83805,historical
1959,2,56.282227,historical
1959,3,58.598747,historical
1959,4,52.283985,historical
1959,5,37.837715,historical
1959,6,51.897755,historical
1959,7,40.86905,historical
1959,8,21.4414,historical
1959,9,17.322844,historical
1959,10,26.870373,historical
1959,11,37.002064,historical
1959,12,40.161915,historical
1960,1,59.401478,historical
1960,2,43.669514,historical
1960,3,41.37018,historical
1960,4,33.410103,historical
1960,5,41.79003,historical
1960,6,37.926918,historical
1960,7,20.664698,historical
1960,8,23.858316,historical
1960,9,18.894995,historical
1960,10,29.702969,historical
1960,11,49.474262,historical
1960,12,46.962143,historical
1961,1,59.922615,historical
1961,2,48.16277,historical
1961,3,66.30711,historical
1961,4,45.047325,historical
1961,5,42.127724,historical
1961,6,37.460213,historical
1961,7,28.914774,historical
1961,8,33.364754,historical
1961,9,23.18346,historical
1961,10,27.772833,historical
1961,11,39.030495,historical
1961,12,37.23919,historical
1962,1,55.073994,historical
1962,2,51.36898,historical
1962,3,51.555042,historical
1962,4,57.987133,historical
1962,5,42.42614,historical
1962,6,52.671852,historical
1962,7,33.373814,historical
1962,8,30.049786,historical
1962,9,31.22584,historical
1962,10,19.464481,historical
1962,11,25.831583,historical
1962,12,34.79245,historical
1963,1,42.55721,historical
1963,2,61.849754,historical
1963,3,56.47633,historical
1963,4,42.521828,historical
1963,5,40.04714,historical
1963,6,36.455383,historical
1963,7,23.300137,historical
1963,8,24.857265,historical
1963,9,32.688934,historical
1963,10,19.396564,historical
1963,11,34.385414,historical
1963,12,43.464363,historical
1964,1,33.127384,historical
1964,2,51.486095,historical
1964,3,40.468422,historical
1964,4,48.572178,historical
1964,5,45.37186,historical
1964,6,25.313694,historical
1964,7,26.583912,historical
1964,8,41.794044,historical
1964,9,28.053425,historical
1964,10,19.62753,historical
1964,11,43.162262,historical
1964,12,47.80709,historical
1965,1,36.78938,historical
1965,2,54.818268,historical
1965,3,43.477104,historical
1965,4,46.859657,historical
1965,5,36.3985,historical
1965,6,35.385326,historical
1965,7,33.56237,historical
1965,8,35.53217,historical
1965,9,29.811035,historical
1965,10,25.26954,historical
1965,11,35.591053,historical
1965,12,45.02131,historical
1966,1,46.02162,historical
1966,2,57.41869,historical
1966,3,49.466217,historical
1966,4,52.51169,historical
1966,5,41.20887,historical
1966,6,32.342297,historical
1966,7,33.019276,historical
1966,8,38.4738,historical
1966,9,45.291763,historical
1966,10,49.04446,historical
1966,11,36.45861,historical
1966,12,51.22152,historical
1967,1,47.940895,historical
1967,2,60.31294,historical
1967,3,59.477398,historical
1967,4,37.687687,historical
1967,5,45.96323,historical
1967,6,38.55262,historical
1967,7,29.032959,historical
1967,8,35.935036,historical
1967,9,45.35747,historical
1967,10,23.526182,historical
1967,11,43.88746,historical
1967,12,58.69469,historical
1968,1,32.69059,historical
1968,2,50.339245,historical
1968,3,33.88601,historical
1968,4,56.863503,historical
1968,5,45.429844,historical
1968,6,46.314575,historical
1968,7,29.418941,historical
1968,8,26.615753,historical
1968,9,48.549957,historical
1968,10,30.118038,historical
1968,11,49.11373,historical
1968,12,39.876953,historical
1969,1,34.635963,historical
1969,2,52.46631,historical
1969,3,34.633358,historical
1969,4,41.7355,historical
1969,5,29.817373,historical
1969,6,21.368616,historical
1969,7,34.915142,historical
1969,8,15.565648,historical
1969,9,20.10891,historical
1969,10,24.328075,historical
1969,11,20.449358,historical
1969,12,43.522472,historical
1970,1,58.02113,historical
1970,2,67.20312,historical
1970,3,56.00166,historical
1970,4,57.438194,historical
1970,5,47.672962,historical
1970,6,40.670612,historical
1970,7,32.717724,historical
1970,8,19.395817,historical
1970,9,27.533844,historical
1970,10,25.163567,historical
1970,11,47.96657,historical
1970,12,58.978737,historical
1971,1,48.219055,historical
1971,2,59.598583,historical
1971,3,46.299076,historical
1971,4,35.60743,historical
1971,5,48.959557,historical
1971,6,29.287952,historical
1971,7,24.559093,historical
1971,8,45.89371,historical
1971,9,19.031452,historical
1971,10,23.663076,historical
1971,11,36.601234,historical
1971,12,54.2484,historical
1972,1,50.717316,historical
1972,2,61.33263,historical
1972,3,40.548943,historical
1972,4,42.1415,historical
1972,5,36.430565,historical
1972,6,35.294266,historical
1972,7,23.17557,historical
1972,8,22.19523,historical
1972,9,28.634586,historical
1972,10,18.59927,historical
1972,11,29.144674,historical
1972,12,28.828587,historical
1973,1,24.551641,historical
1973,2,41.12487,historical
1973,3,45.303963,historical
1973,4,50.716114,historical
1973,5,50.20729,historical
1973,6,29.479706,historical
1973,7,15.676352,historical
1973,8,33.46322,historical
1973,9,15.460806,historical
1973,10,23.200516,historical
1973,11,39.434734,historical
1973,12,53.592457,historical
1974,1,30.047428,historical
1974,2,51.415016,historical
1974,3,43.644623,historical
1974,4,48.951435,historical
1974,5,23.11522,historical
1974,6,23.079126,historical
1974,7,36.993717,historical
1974,8,33.12899,historical
1974,9,30.317932,historical
1974,10,10.403427,historical
1974,11,36.563194,historical
1974,12,53.140495,historical
1975,1,41.043507,historical
1975,2,63.617676,historical
1975,3,54.75167,historical
1975,4,34.712574,historical
1975,5,51.394825,historical
1975,6,34.7116,historical
1975,7,29.875988,historical
1975,8,34.951374,historical
1975,9,14.720917,historical
1975,10,16.298258,historical
1975,11,25.152422,historical
1975,12,45.465385,historical
1976,1,60.226585,historical
1976,2,39.023144,historical
1976,3,34.126373,historical
1976,4,47.391132,historical
1976,5,44.256355,historical
1976,6,44.45651,historical
1976,7,36.92733,historical
1976,8,29.59523,historical
1976,9,17.026613,historical
1976,10,21.187464,historical
1976,11,47.856697,historical
1976,12,57.33443,historical
1977,1,49.192726,historical
1977,2,71.23665,historical
1977,3,62.02998,historical
1977,4,45.55556,historical
1977,5,56.49696,historical
1977,6,23.232382,historical
1977,7,33.11043,historical
1977,8,30.772236,historical
1977,9,34.76175,historical
1977,10,24.993206,historical
1977,11,56.311584,historical
1977,12,61.29531,historical
1978,1,40.16505,historical
1978,2,72.96973,historical
1978,3,64.29235,historical
1978,4,44.110962,historical
1978,5,53.063965,historical
1978,6,41.994987,historical
1978,7,40.964886,historical
1978,8,10.392766,historical
1978,9,29.321224,historical
1978,10,41.270626,historical
1978,11,45.518238,historical
1978,12,57.62682,historical
1979,1,50.791065,historical
1979,2,51.426598,historical
1979,3,53.740906,historical
1979,4,43.106693,historical
1979,5,69.89679,historical
1979,6,36.5411,historical
1979,7,28.218822,historical
1979,8,16.805508,historical
1979,9,14.865576,historical
1979,10,15.385684,historical
1979,11,58.197407,historical
1979,12,62.374535,historical
1980,1,73.40328,historical
1980,2,69.54233,historical
1980,3,31.231586,historical
1980,4,38.66178,historical
1980,5,51.49578,historical
1980,6,37.7368,historical
1980,7,28.063965,historical
1980,8,20.628422,historical
1980,9,18.464756,historical
1980,10,25.519987,historical
1980,11,45.669495,historical
1980,12,59.85498,historical
1981,1,49.696068,historical
1981,2,54.187927,historical
1981,3,66.57085,historical
1981,4,57.23704,historical
1981,5,47.131065,historical
1981,6,30.773005,historical
1981,7,38.36079,historical
1981,8,44.798992,historical
1981,9,29.92298,historical
1981,10,36.940536,historical
1981,11,47.067825,historical
1981,12,19.326519,historical
1982,1,50.751915,historical
1982,2,62.830177,historical
1982,3,43.118767,historical
1982,4,28.99323,historical
1982,5,44.281292,historical
1982,6,34.08219,historical
1982,7,20.844576,historical
1982,8,22.645725,historical
1982,9,28.519287,historical
1982,10,24.836466,historical
1982,11,44.745094,historical
1982,12,49.256657,historical
1983,1,70.86482,historical
1983,2,51.137318,historical
1983,3,49.637627,historical
1983,4,45.09062,historical
1983,5,40.84016,historical
1983,6,43.813404,historical
1983,7,22.638897,historical
1983,8,26.236994,historical
1983,9,9.081197,historical
1983,10,36.507042,historical
1983,11,54.667274,historical
1983,12,52.583263,historical
1984,1,35.898033,historical
1984,2,39.172146,historical
1984,3,43.4804,historical
1984,4,48.764122,historical
1984,5,46.295086,historical
1984,6,26.835163,historical
1984,7,22.447643,historical
1984,8,22.488976,historical
1984,9,19.043056,historical
1984,10,31.90482,historical
1984,11,25.406668,historical
1984,12,54.72115,historical
1985,1,21.88511,historical
1985,2,50.519432,historical
1985,3,41.65055,historical
1985,4,54.318146,historical
1985,5,43.70858,historical
1985,6,40.77366,historical
1985,7,28.175304,historical
1985,8,17.934399,historical
1985,9,27.123058,historical
1985,10,36.583,historical
1985,11,49.935158,historical
1985,12,43.919273,historical
1986,1,51.92086,historical
1986,2,58.125164,historical
1986,3,53.447926,historical
1986,4,59.028145,historical
1986,5,44.088245,historical
1986,6,28.407965,historical
1986,7,28.159714,historical
1986,8,21.109306,historical
1986,9,23.0609,historical
1986,10,23.64716,historical
1986,11,37.29793,historical
1986,12,25.400578,historical
1987,1,67.28674,historical
1987,2,54.519276,historical
1987,3,55.49596,historical
1987,4,54.9604,historical
1987,5,43.43226,historical
1987,6,35.772743,historical
1987,7,28.286676,historical
1987,8,33.844555,historical
1987,9,26.060795,historical
1987,10,23.397823,historical
1987,11,46.496067,historical
1987,12,51.253094,historical
1988,1,38.3072,historical
1988,2,62.664623,historical
1988,3,49.980858,historical
1988,4,51.714977,historical
1988,5,48.72833,historical
1988,6,35.21408,historical
1988,7,34.903503,historical
1988,8,21.629047,historical
1988,9,16.01411,historical
1988,10,26.745886,historical
1988,11,33.604485,historical
1988,12,44.011345,historical
1989,1,59.23921,historical
1989,2,71.04993,historical
1989,3,50.522663,historical
1989,4,44.504448,historical
1989,5,52.3703,historical
1989,6,40.5571,historical
1989,7,45.09942,historical
1989,8,39.862152,historical
1989,9,26.839916,historical
1989,10,28.018671,historical
1989,11,35.111908,historical
1989,12,39.891266,historical
1990,1,65.5592,historical
1990,2,41.133522,historical
1990,3,49.05362,historical
1990,4,57.45011,historical
1990,5,36.516533,historical
1990,6,38.7033,historical
1990,7,30.340326,historical
1990,8,39.58204,historical
1990,9,33.292458,historical
1990,10,51.467335,historical
1990,11,63.0066,historical
1990,12,36.067497,historical
1991,1,48.531788,historical
1991,2,32.694374,historical
1991,3,54.44231,historical
1991,4,52.54001,historical
1991,5,47.93988,historical
1991,6,39.763733,historical
1991,7,18.926823,historical
1991,8,40.70011,historical
1991,9,28.53886,historical
1991,10,31.094507,historical
1991,11,48.962986,historical
1991,12,47.33308,historical
1992,1,73.09495,historical
1992,2,49.376392,historical
1992,3,38.65271,historical
1992,4,39.919575,historical
1992,5,41.317192,historical
1992,6,25.59029,historical
1992,7,16.155811,historical
1992,8,21.536879,historical
1992,9,24.447086,historical
1992,10,21.24016,historical
1992,11,39.501686,historical
1992,12,34.082054,historical
1993,1,54.18235,historical
1993,2,30.955791,historical
1993,3,53.163017,historical
1993,4,56.337128,historical
1993,5,52.615265,historical
1993,6,39.20649,historical
1993,7,31.698633,historical
1993,8,24.530584,historical
1993,9,25.664139,historical
1993,10,18.390242,historical
1993,11,38.029488,historical
1993,12,65.785385,historical
1994,1,52.057045,historical
1994,2,57.61605,historical
1994,3,62.367287,historical
1994,4,56.026966,historical
1994,5,41.94971,historical
1994,6,51.367867,historical
1994,7,34.19056,historical
1994,8,32.04049,historical
1994,9,27.715076,historical
1994,10,26.710266,historical
1994,11,48.720306,historical
1994,12,38.61251,historical
1995,1,55.223488,historical
1995,2,41.728172,historical
1995,3,53.544838,historical
1995,4,55.97749,historical
1995,5,34.930515,historical
1995,6,42.100353,historical
1995,7,13.508969,historical
1995,8,20.04826,historical
1995,9,20.961899,historical
1995,10,16.0098,historical
1995,11,44.671066,historical
1995,12,40.777885,historical
1996,1,44.720947,historical
1996,2,58.408363,historical
1996,3,46.051666,historical
1996,4,42.887474,historical
1996,5,32.827473,historical
1996,6,32.186157,historical
1996,7,29.067017,historical
1996,8,20.984522,historical
1996,9,19.823233,historical
1996,10,34.399956,historical
1996,11,45.05365,historical
1996,12,50.241467,historical
1997,1,37.069542,historical
1997,2,55.884575,historical
1997,3,43.030037,historical
1997,4,43.74137,historical
1997,5,42.99065,historical
1997,6,52.981407,historical
1997,7,39.122005,historical
1997,8,25.800604,historical
1997,9,12.470059,historical
1997,10,17.132257,historical
1997,11,24.614803,historical
1997,12,33.68548,historical
1998,1,30.235394,historical
1998,2,52.10194,historical
1998,3,50.679455,historical
1998,4,57.44168,historical
1998,5,43.388367,historical
1998,6,25.71532,historical
1998,7,55.273476,historical
1998,8,27.580908,historical
1998,9,30.73882,historical
1998,10,44.77128,historical
1998,11,28.488934,historical
1998,12,54.40509,historical
1999,1,39.72606,historical
1999,2,66.061,historical
1999,3,57.55971,historical
1999,4,55.578613,historical
1999,5,34.27679,historical
1999,6,42.461018,historical
1999,7,27.71639,historical
1999,8,33.795288,historical
1999,9,19.493366,historical
1999,10,21.277954,historical
1999,11,43.73933,historical
1999,12,41.054756,historical
2000,1,40.62055,historical
2000,2,50.060066,historical
2000,3,42.3274,historical
2000,4,43.071983,historical
2000,5,43.570118,historical
2000,6,42.53938,historical
2000,7,52.253857,historical
2000,8,28.497875,historical
2000,9,46.046566,historical
2000,10,21.24409,historical
2000,11,41.78,historical
2000,12,26.687738,historical
2001,1,70.66537,historical
2001,2,59.47284,historical
2001,3,52.188526,historical
2001,4,32.06239,historical
2001,5,34.581257,historical
2001,6,35.585266,historical
2001,7,35.446312,historical
2001,8,28.928207,historical
2001,9,27.197443,historical
2001,10,17.715195,historical
2001,11,35.32136,historical
2001,12,43.222942,historical
2002,1,71.8033,historical
2002,2,58.885365,historical
2002,3,57.38734,historical
2002,4,43.264027,historical
2002,5,41.778675,historical
2002,6,32.456486,historical
2002,7,22.458221,historical
2002,8,21.052645,historical
2002,9,12.480101,historical
2002,10,23.981165,historical
2002,11,48.82036,historical
2002,12,51.26405,historical
2003,1,61.518818,historical
2003,2,42.732094,historical
2003,3,55.93274,historical
2003,4,51.592926,historical
2003,5,42.08512,historical
2003,6,24.271713,historical
2003,7,31.004395,historical
2003,8,23.941986,historical
2003,9,25.721104,historical
2003,10,16.517796,historical
2003,11,28.671606,historical
2003,12,58.646645,historical
2004,1,49.856834,historical
2004,2,48.289345,historical
2004,3,40.62556,historical
2004,4,39.829937,historical
2004,5,31.101782,historical
2004,6,39.470135,historical
2004,7,29.964441,historical
2004,8,34.098488,historical
2004,9,35.362263,historical
2004,10,40.289185,historical
2004,11,48.692646,historical
2004,12,44.601128,historical
2005,1,60.59664,historical
2005,2,71.767395,historical
2005,3,40.987938,historical
2005,4,44.605095,historical
2005,5,48.88489,historical
2005,6,38.138893,historical
2005,7,21.269886,historical
2005,8,50.9446,historical
2005,9,28.876312,historical
2005,10,25.768612,historical
2005,11,45.283,historical
2005,12,21.762844,historical
2006,1,51.316307,historical
2006,2,60.951233,historical
2006,3,57.539978,historical
2006,4,51.33349,historical
2006,5,36.38247,historical
2006,6,37.71515,historical
2006,7,16.285831,historical
2006,8,28.756927,historical
2006,9,33.401627,historical
2006,10,28.235798,historical
2006,11,36.01217,historical
2006,12,39.48242,historical
2007,1,55.149437,historical
2007,2,43.700798,historical
2007,3,42.18565,historical
2007,4,34.879517,historical
2007,5,33.69886,historical
2007,6,41.38724,historical
2007,7,29.753998,historical
2007,8,41.92625,historical
2007,9,27.023504,historical
2007,10,20.740643,historical
2007,11,46.541107,historical
2007,12,48.403538,historical
2008,1,76.6131,historical
2008,2,51.30592,historical
2008,3,38.0187,historical
2008,4,61.107185,historical
2008,5,45.995537,historical
2008,6,34.45529,historical
2008,7,44.6805,historical
2008,8,34.191765,historical
2008,9,35.5439,historical
2008,10,19.555197,historical
2008,11,31.04743,historical
2008,12,43.487053,historical
2009,1,59.912926,historical
2009,2,56.997803,historical
2009,3,57.117554,historical
2009,4,48.704613,historical
2009,5,32.24207,historical
2009,6,31.6332,historical
2009,7,41.8745,historical
2009,8,29.369196,historical
2009,9,33.83465,historical
2009,10,29.196674,historical
2009,11,21.293766,historical
2009,12,39.764656,historical
2010,1,37.58523,historical
2010,2,56.312927,historical
2010,3,43.971264,historical
2010,4,47.3049,historical
2010,5,52.809937,historical
2010,6,41.741768,historical
2010,7,28.534779,historical
2010,8,28.441196,historical
2010,9,22.448404,historical
2010,10,30.605429,historical
2010,11,55.717457,historical
2010,12,60.09312,historical
2011,1,53.837585,historical
2011,2,59.40793,historical
2011,3,55.014576,historical
2011,4,51.87876,historical
2011,5,38.705498,historical
2011,6,53.283924,historical
2011,7,32.465458,historical
2011,8,45.035416,historical
2011,9,25.481546,historical
2011,10,35.980083,historical
2011,11,49.13688,historical
2011,12,70.59751,historical
2012,1,51.640797,historical
2012,2,58.632286,historical
2012,3,53.539406,historical
2012,4,53.689056,historical
2012,5,47.366394,historical
2012,6,29.742085,historical
2012,7,27.816792,historical
2012,8,30.183964,historical
2012,9,17.103043,historical
2012,10,33.704895,historical
2012,11,27.077261,historical
2012,12,43.75303,historical
2013,1,49.669033,historical
2013,2,43.792107,historical
2013,3,67.41173,historical
2013,4,40.871605,historical
2013,5,47.920315,historical
2013,6,31.017365,historical
2013,7,42.532837,historical
2013,8,27.171991,historical
2013,9,18.338223,historical
2013,10,21.574884,historical
2013,11,40.822617,historical
2013,12,41.624416,historical
2014,1,43.44419,historical
2014,2,47.56249,historical
2014,3,32.060604,historical
2014,4,50.829876,historical
2014,5,38.637577,historical
2014,6,43.35804,historical
2014,7,14.829923,historical
2014,8,35.490738,historical
2014,9,25.32516,historical
2014,10,28.275543,historical
2014,11,37.958797,historical
2014,12,52.53422,historical
